<?xml version="1.0" encoding="UTF-8"?>

<!-- 更新履歴 -->
<!--
  2016/07/01 v1.0.0 - 初版
  2016/07/02 v1.0.1 - チュートリアルの修正, Scriptの追加
  2016/07/05 v1.0.2 - "Capture the Control Point!!"から"Capture the Control Point!"へ変更
  2016/07/15 v1.0.3 - map proto 1.3.3に変更, Map上のデザインの修正
 -->
<map proto="1.3.3">
  <!-- マップ名 -->
  <name>End CP 2</name>
  <!-- バージョン -->
  <version>1.0.3</version>
  <!-- 目標 -->
  <objective>Capture the Control Point!</objective>

  <!-- 製作者 -->
  <authors>
    <!-- hayatarou_ -->
    <!-- <author uuid="c65b1558-6410-4da7-9aef-cff42a2c1399"/> -->
    <author>hayatarou_</author>
  </authors>

  <!-- チーム -->
  <teams>
    <team color="red" max="16">Red Team</team>
    <team color="blue" max="16">Blue Team</team>
  </teams>

  <!-- キット -->
  <kits>
    <kit name="spawn">
      <item slot="0">stone_sword</item>
      <item amount="1" slot="1">fishing_rod</item>
      <item slot="2">diamond_pickaxe</item>
      <item amount="1" slot="4">tnt</item>
      <item amount="2" slot="6">golden_apple</item>
      <item amount="16" slot="7">bread</item>
      <item amount="32" slot="8">quartz_block</item>
      <chestplate bind="true">chainmail chestplate</chestplate>
      <leggings bind="true">chainmail leggings</leggings>
      <boots bind="true">chainmail boots</boots>
      <potion amplifier="100" duration="6">damage_resistance</potion>
      <potion amplifier="100" duration="6">regeneration</potion>
    </kit>

    <kit name="red" parents="spawn">
      <helmet bind="true" color="FF5555">leather helmet</helmet>
    </kit>

    <kit name="blue" parents="spawn">
      <helmet bind="true" color="5555FF">leather helmet</helmet>
    </kit>
  </kits>

  <!-- アイテム削除 -->
  <itemremove>
    <item>bread</item>
    <item>stone_sword</item>
    <item>diamond_pickaxe</item>
    <item>fishing_rod</item>
    <item>leather_helmet</item>
    <item>chainmail_chestplate</item>
    <item>chainmail_leggings</item>
    <item>chainmail_boots</item>
    <item>quartz_block</item>
    <item>golden_apple</item>
    <item>tnt</item>
  </itemremove>

  <!-- キル報酬 -->
  <killreward>
    <item amount="1">golden_apple</item>
    <item amount="1">tnt</item>
  </killreward>

  <!-- スポーン -->
  <spawns>
    <spawn kit="red" team="red" yaw="45">
      <block>37,4,-37</block>
    </spawn>
    <spawn kit="blue" team="blue" yaw="-135">
      <block>-37,4,37</block>
    </spawn>
    <default yaw="90">
      <block>0,62,0</block>
    </default>
  </spawns>

  <!-- フィルター -->
  <filters>
    <filter name="only_red">
      <team>red</team>
    </filter>

    <filter name="only_blue">
      <team>blue</team>
    </filter>

    <filter name="allow_quartz_block" parents="deny-blocks">
      <allow>
        <block>quartz_block</block>
        <block>tnt</block>
      </allow>
    </filter>
  </filters>

  <!-- リージョン -->
  <regions>
    <negative name="everywhere">
		  <rectangle max="0,0" min="0,0"/>
	  </negative>
    <rectangle name="red_base" max="41,-41" min="26,-26"/>
    <rectangle name="blue_base" max="-41,41" min="-26,26"/>
    <cuboid name="center" max="9,0,-9" min="-9,5,9"/>
    <cuboid name="north" max="2,16,-41" min="-2,23,-37"/>
    <cuboid name="east" max="41,16,2" min="37,23,-2"/>
    <cuboid name="west" max="-41,16,-2" min="-37,23,2"/>
    <cuboid name="south" max="-2,16,41" min="2,23,37"/>
    <rectangle name="void" max="-42,42" min="42,-42"/>

    <union name="cp">
      <region id="center"/>
      <region id="north"/>
      <region id="east"/>
      <region id="west"/>
      <region id="south"/>
    </union>

    <union name="bases">
      <region name="red_base"/>
      <region name="blue_base"/>
    </union>

    <apply block="deny-blocks" message="You can't modify the control point!">
      <region name="cp"/>
    </apply>

    <apply block="deny-blocks" message="You can't modify the base!">
      <region name="bases"/>
    </apply>

    <apply enter="only_red" message="You can't enter the enemy team's spawn!">
      <region name="red_base"/>
    </apply>

    <apply enter="only_blue" message="You can't enter the enemy team's spawn!">
      <region name="blue_base"/>
    </apply>

    <apply block="deny-blocks" message="You can't modify the void area!">
      <negative>
    		<region name="void"/>
    	</negative>
    </apply>

    <apply block="allow_quartz_block" message="You can be the placement and destruction of quartz block and tnt!">
      <region name="everywhere"/>
    </apply>
  </regions>

  <controlpoints score-limit="500">
    <controlpoint capture-time="10" name="Center" score="10">
      <capture>
        <cuboid max="9,0,-9" min="-9,5,9"/>
      </capture>
      <flag>
        <cuboid max="9,0,-9" min="-9,2,9"/>
      </flag>
    </controlpoint>

    <controlpoint capture-time="5" name="North" score="5">
      <capture>
        <cuboid max="2,16,-41" min="-2,23,-37"/>
      </capture>
      <flag>
        <cuboid max="2,16,-41" min="-2,20,-37"/>
      </flag>
    </controlpoint>

    <controlpoint capture-time="5" name="East" score="5">
      <capture>
        <cuboid max="41,16,2" min="37,23,-2"/>
      </capture>
      <flag>
        <cuboid max="41,16,2" min="37,20,-2"/>
      </flag>
    </controlpoint>

    <controlpoint capture-time="5" name="West" score="5">
      <capture>
        <cuboid max="-41,16,-2" min="-37,23,2"/>
      </capture>
      <flag>
        <cuboid max="-41,16,-2" min="-37,20,2"/>
      </flag>
    </controlpoint>

    <controlpoint capture-time="5" name="South" score="5">
      <capture>
        <cuboid max="-2,16,41" min="2,23,37"/>
      </capture>
      <flag>
        <cuboid max="-2,16,41" min="2,20,37"/>
      </flag>
    </controlpoint>
  </controlpoints>

  <!-- その他設定 -->
  <maxbuildheight>40</maxbuildheight>
  <autorespawn time="2s"/>
  <difficulty>NORMAL</difficulty>

  <disabledamage>
		<damage>fall</damage>
	</disabledamage>

	<tnt>
		<blockdamage>off</blockdamage>
		<instantignite>on</instantignite>
	</tnt>

  <!-- スクリプト -->
  <script src="map.js"/>

  <!-- 言語 -->
  <locales>
    <locale lang="ja_JP">
      <string name="You can't modify the control point!" value="コントロールポイントの編集はできません。"/>
      <string name="You can't modify the base!" value="拠点は編集できません。"/>
      <string name="You can't enter the enemy team's spawn!" value="敵チームのスポーンに侵入することはできません。"/>
      <string name="You can't modify the void area!" value="指定範囲以外を編集することはできません。"/>
      <string name="You can be the placement and destruction of quartz block and tnt!" value="ネザー水晶ブロックとTNTの設置と破壊ができます。"/>
      <string name="Capture the Control Point!" value="コントロールポイントの制圧!"/>
    </locale>
  </locales>

  <include src="tutorial.xml" />
	<tutorial>
		<stage title="Control Point(CP)">
			<message>
				<line>This map is a `a`lControl point `r(CP) map.</line>
				<line>To overwhelm the control point is the purpose.</line>
			</message>
			<message lang="ja_JP">
				<line>このマップは`a`lControl point `r(CP)マップです。</line>
				<line>コントロールポイントの制圧が目的です。</line>
			</message>
		</stage>
		<stage title="Control point">
			<title lang="ja_JP">コントロールポイント</title>
			<message>
				<line>This is Center Control Point.</line>
			</message>
			<message lang="ja_JP">
				<line>ここはCenterコントロールポイントです。</line>
			</message>
			<teleport>
				<point yaw="0" pitch="30">0.5,7,-9.5</point>
			</teleport>
		</stage>
		<stage title="Control point">
			<title lang="ja_JP">コントロールポイント</title>
			<message>
				<line>There are East, West, South, North Control points.</line>
			</message>
			<message lang="ja_JP">
				<line>Center以外にNorth, East, West, South コントロールポイントがあります。</line>
			</message>
			<teleport>
				<point yaw="180" pitch="60">0.5,28,-34.5</point>
			</teleport>
		</stage>
	</tutorial>
</map>
